{"cameraMode":{"drawMode":0,"name":"Shaded","section":"Shading Mode"},"sceneLighting":false,"audioPlay":false,"sceneViewState":{"m_AlwaysRefresh":false,"showFog":true,"showSkybox":false,"showFlares":true,"showImageEffects":true,"showParticleSystems":true,"showVisualEffectGraphs":true,"m_FxEnabled":true},"in2DMode":false,"pivot":{"x":0.4210634231567383,"y":0.6779268980026245,"z":0.5592616200447083},"rotation":{"x":0.06317587196826935,"y":-0.9357468485832214,"z":0.2234339565038681,"w":0.2658366858959198},"size":1.0927361249923707,"orthographic":false}