{"cameraMode":{"drawMode":0,"name":"Shaded","section":"Shading Mode"},"sceneLighting":false,"audioPlay":false,"sceneViewState":{"m_AlwaysRefresh":false,"showFog":true,"showSkybox":false,"showFlares":true,"showImageEffects":true,"showParticleSystems":true,"showVisualEffectGraphs":true,"m_FxEnabled":true},"in2DMode":false,"pivot":{"x":0.8373043537139893,"y":2.1215224266052248,"z":1.2889400720596314},"rotation":{"x":-0.0023971395567059519,"y":0.9895880222320557,"z":-0.14330355823040009,"w":-0.017662569880485536},"size":1.0927361249923707,"orthographic":false}