{"cameraMode":{"drawMode":0,"name":"Shaded","section":"Shading Mode"},"sceneLighting":false,"audioPlay":false,"sceneViewState":{"m_AlwaysRefresh":false,"showFog":true,"showSkybox":true,"showFlares":true,"showImageEffects":true,"showParticleSystems":true,"showVisualEffectGraphs":true,"m_FxEnabled":true},"in2DMode":false,"pivot":{"x":574.9243774414063,"y":662.7630004882813,"z":325.2671813964844},"rotation":{"x":0.049555014818906787,"y":0.0146183418110013,"z":0.0003592132416088134,"w":0.9989607334136963},"size":379.0788879394531,"orthographic":false}