{"cameraMode":{"drawMode":0,"name":"Shaded","section":"Shading Mode"},"sceneLighting":false,"audioPlay":false,"sceneViewState":{"m_AlwaysRefresh":false,"showFog":true,"showSkybox":false,"showFlares":true,"showImageEffects":true,"showParticleSystems":true,"showVisualEffectGraphs":true,"m_FxEnabled":true},"in2DMode":false,"pivot":{"x":-0.03800153359770775,"y":2.468479871749878,"z":0.5355387926101685},"rotation":{"x":-0.2461005598306656,"y":-0.0699293464422226,"z":0.017793947830796243,"w":-0.9665882587432861},"size":1.5809366703033448,"orthographic":false}