{"cameraMode":{"drawMode":0,"name":"Shaded","section":"Shading Mode"},"sceneLighting":false,"audioPlay":false,"sceneViewState":{"m_AlwaysRefresh":false,"showFog":true,"showSkybox":false,"showFlares":true,"showImageEffects":true,"showParticleSystems":true,"showVisualEffectGraphs":true,"m_FxEnabled":true},"in2DMode":false,"pivot":{"x":0.09725666046142578,"y":-0.05297708511352539,"z":-0.00017293542623519897},"rotation":{"x":0.3721427321434021,"y":-0.0020373333245515825,"z":0.0008066506707109511,"w":0.9281944036483765},"size":1.1018545627593995,"orthographic":false}